"Company / IT Park Name","Hub / Company Type","Micro-Location / Address","State / Hub Region","Direct Job Portal / Career Link","Primary Target Audience","Key Tech Stack & Focus Areas"
"Technopark (Phase I to IV)","Integrated Government Hub","Kazhakkoottam & Pallippuram","Kerala","https://www.technopark.in/job-search","Freshers & Experienced","AI, Blockchain, Enterprise Cloud, Full-Stack, IoT"
"Infopark Kochi (Phase 1 & 2)","Integrated Government Hub","Kakkanad","Kerala","https://www.infopark.in/companies/job-search","Freshers & Experienced","SaaS, Web Apps, Digital Engineering, Cloud Infrastructure"
"SmartCity Kochi","Joint Venture Tech Hub","Kakkanad (Adjacent to Infopark)","Kerala","https://www.smartcitykochi.in","Experienced Professionals","MNC Global Delivery Centers, Infrastructure Computing"
"Cyberpark Calicut","Government IT Park","Nellikode, Bypass Road","Kerala","https://www.cyberparkkerala.org","Freshers & Startups","Web Automation, Mobile Apps, Open-Source Dev, AI/ML"
"CareStack (GoodMethods Global)","Fast-Growing SaaS Scaleup","Infopark Campus, Kochi","Kerala","https://carestack.com/careers","Freshers & Experienced","Cloud SaaS Architecture, Angular, .NET Core, HealthTech"
"PixDynamics","AI & Automation Startup","Cyberpark, Calicut","Kerala","https://pixdynamics.com","Freshers & Mid-Level","Document AI, Image Processing, Python, Machine Learning"
"Simelabs","Product Engineering Studio","Infopark Campus, Kochi","Kerala","https://simelabs.com","Freshers & Niche Exp","AI Architecture, UI/UX Design, Cloud Engineering, Deep Tech"
"ValueMentors","Software Development House","Uralungal Cyberpark, Calicut","Kerala","https://valuementor.com","Freshers & Experienced","Cybersecurity Solutions, Compliance Automation, Cloud Security"
"Acabes International","Fintech & Retail Tech Hub","SmartCity, Kochi","Kerala","https://acabes.com","Freshers & Experienced","Digital Banking Architectures, Full-Stack Java, DevOps Pipelines"
"Manyata Embassy Business Park","Mega Private Tech Park","Outer Ring Road (ORR), Hebbal","Bengaluru","Direct via Tenant Sites","Freshers & High-Exp","IBM, Cognizant, Target, L&T, Rolls-Royce Tech Infrastructure"
"Embassy TechVillage & EcoSpace","Mega Private Tech Park","Marathahalli - Sarjapur Outer Ring Road","Bengaluru","Direct via Tenant Sites","Experienced & Product Dev","Flipkart, Cisco, Wells Fargo, Sony (GCC Product Hubs)"
"International Tech Park (ITPB)","Premium Managed Tech Park","Whitefield","Bengaluru","Direct via Tenant Sites","Freshers & Experienced","Oracle, TCS, GE, Applied Research & Analytics Hubs"
"Electronics City (Phase 1 & 2)","Industrial & Tech Township","Hosur Road, South Bengaluru","Bengaluru","Direct via Tenant Sites","Mass Freshers & Lateral","Infosys HQ, Wipro HQ, HCLTech, Tech Mahindra Operations"
"Bagmane Constellation Park","Premium Private Tech Park","Marathahalli Outer Ring Road","Bengaluru","Direct via Tenant Sites","Product Engineers & R&D","Google, Amazon, Dell, Boeing Core Software Engineering"
"Razorpay","Fintech Unicorn Startup","SJR Cyber, Koramangala","Bengaluru","https://razorpay.com/jobs","Freshers & Experienced","Payment Gateways, Python, Go, React, Distributed Systems"
"Cred","High-Growth Tech Scaleup","Indiranagar","Bengaluru","https://careers.cred.club","Experienced Engineering","High-Scale Backend, Microservices, Go, Java, Mobile Engineering"
"PhonePe","Fintech & Digital Payments Giant","Kadubeesanahalli, Outer Ring Road","Bengaluru","https://www.phonepe.com/careers","Freshers & Experienced","Big Data, High-Concurrency Systems, Java, Android/iOS Dev"
"Groww","Fintech Investment Scaleup","Vaishnavi Tech Park, ORR","Bengaluru","https://groww.in/careers","Freshers & Experienced","Financial Engineering, Python, React Native, Cloud Native Tech"
"Thoughtworks","Premium Technology Consultant","Koramangala Tech Hub","Bengaluru","https://www.thoughtworks.com/careers","Experienced Developers","Agile Consulting, Clean Code Architectures, Full-Stack Dev"
"DLF Cybercity Chennai","Massive Private SEZ Park","Ramapuram, Mount Poonamallee Road","Chennai","Direct via Tenant Sites","Freshers & Experienced","Barclays, EY, IBM, Cognizant Operations (Fintech/Service)"
"Tidel Park","Foundational Government Park","Taramani, OMR Corridor","Chennai","Direct via Tenant Sites","Freshers & Experienced","Service Delivery Systems, Financial Technology Core Units"
"SIPCOT IT Park","Massive Tech Township","Siruseri, OMR Corridor","Chennai","Direct via Tenant Sites","Mass Freshers & Lateral","TCS Corporate Butterfly Campus, CTS, Hexaware Centers"
"Ramanujan IT City","Premium Private Tech Park","Taramani, OMR","Chennai","Direct via Tenant Sites","Product & FinTech Engineers","Amazon, Cisco, Philips Software, FinTech Product Delivery"
"Zoho Corporation","Global SaaS Leader","Estancia IT Park Outskirts","Chennai","https://www.zoho.com/careers","Skill-Based Freshers & Exp","Core SaaS Products, Java, Cloud Infrastructure, Database Engines"
"Freshworks","SaaS Unicorn Giant","Perungudi, OMR Corridor","Chennai","https://www.freshworks.com/careers","Freshers & Experienced","Ruby on Rails, Python, AWS, Customer Engagement Software"
"Chargebee","Subscription Management SaaS","DLF Cybercity, Ramapuram","Chennai","https://www.chargebee.com/careers","Experienced Engineering","Billing Engines, Java, Node.js, SaaS Financial Workflows"
"Kissflow","No-Code Enterprise Startup","World Trade Center, Perungudi","Chennai","https://kissflow.com/careers","Freshers & Mid-Level","Cloud Orchestration, Visual Builders, Java, React, Python"
"Intellect Design Arena","Core Banking Fintech Giant","SIPCOT IT Park, Siruseri","Chennai","https://www.intellectdesign.com/careers","Freshers & Experienced","Fintech Platforms, Microservices, Cloud Native Banking Engines"
"Rajiv Gandhi Infotech Park","Mega Government IT Park","Hinjawadi Phase 1, 2 & 3","Pune","Direct via Tenant Sites","Freshers & Experienced","Infosys, Wipro, TCS, Tech Mahindra, Dassault Systèmes"
"Magarpatta Cybercity","Integrated Township Tech Hub","Hadapsar, Eastern Pune","Pune","Direct via Tenant Sites","Product Specialists","Amdocs, Red Hat (Linux Core), BNY Mellon Enterprise Tech"
"EON Free Zone (Phase 1 & 2)","Premium Modern SEZ Park","Kharadi Tech Corridor","Pune","Direct via Tenant Sites","Fintech & Enterprise Exp","Credit Suisse, Symantec Security, Virtusa Digital Dev"
"KPIT Technologies","Automotive Software Leader","Hinjawadi Phase 3","Pune","https://www.kpit.com/careers-overview","Freshers & Niche Core Exp","Automotive Software, Autonomous Driving, Embedded C++, Python"
"Druva","Cloud Data Protection Unicorn","Yerwada","Pune","https://www.druva.com/careers","Experienced Engineering","SaaS Data Backup, AWS Native Architectures, Go, Python, Core C++"
"Mindspace IT Park","Massive Private Enterprise Park","Airoli (Navi Mumbai) & Malad","Mumbai","Direct via Tenant Sites","Freshers & Experienced","Banking Captive Hubs, Large Scale Engineering Services"
"Nesco IT Park","Premium Corporate Tech Park","Goregaon East, Western Express Hwy","Mumbai","Direct via Tenant Sites","Consulting & Corporate Tech","Global Management Consultancies, Core Banking Integrations"
"Millennium Business Park (MBP)","Government Industrial Hub","Mahape, Navi Mumbai","Mumbai","Direct via Tenant Sites","Freshers & Mid-Market","Mid-Sized Software Houses, Web Automation, BPO/KPO Engines"
"Hiranandani Business Park","Startup & Tech Hub Corridor","Powai","Mumbai","Direct via Tenant Sites","Product Engineering & AI","Top-Tier Scaleups, Specialized Data Analytics, Fintech Teams"
"Jio Platforms","Digital & Telecom Tech Giant","Reliance Corporate Park, Ghansoli","Mumbai","https://careers.jio.com","Mass Freshers & Lateral","5G R&D, Cloud Platforms, Automation Systems, Full-Stack Python/Java"
"InVideo","Video Automation SaaS Startup","Andheri East","Mumbai","https://invideo.io/careers","Freshers & Experienced","AI Video Processing, Web Assembly, Next.js, WebGL Engineering"
"Quantiphi","AI & Deep Learning Scaleup","Nesco IT Park, Goregaon","Mumbai","https://www.quantiphi.com/careers","Freshers & Experienced","Advanced Data Analytics, Machine Learning Pipelines, AWS/GCP, Python"